お仕事No.,応募数 合計
5103494153,0
3203485929,0
2203504940,0
8303508808,0
2203487021,0
2203503255,0
2203477101,0
6103507678,0
2203499292,0
2403464861,0
2203506655,2
2403495275,0
2503480085,2
2203507154,0
2403508005,14
2203507411,0
2203506523,0
2203503541,2
2203504534,0
2203502917,0
2203498457,0
2203485376,0
2203503975,0
6103506000,2
8203506633,1
2203496307,0
2203471106,0
2203507066,3
8403450075,0
2203469907,1
2203500963,3
2203475161,1
2203502125,0
3703506515,2
2203502342,0
2203495851,2
2203495418,1
2503509139,0
2403500933,0
2203490372,14
3603454265,0
2203480214,0
2503507900,2
2203470495,0
3803508262,1
3703502794,0
2203506496,8
2203485325,0
2703506377,0
2503505744,3
